{
  "payment_methods": {
    "boleto": true,
    "visa": true,
    "mastercard": true,
    "elo": true,
    "amex": true,
    "hipercard": true,
    "citibank": true
  },
  "contacts": {
    "socials": true,
    "phone_wpp": true
  },
  "description": {
    "title": "Super Black Friday - Eletroshopping Santa Ifigenia",
    "text": "A sua melhor opção de compra é aqui"
  },
  "links_1": {
    "list_pages": true
  },
  "links_2": {
    "list_categories": true
  },
  "stamps": [
    {
      "src": "/img/uploads/images-1-.png"
    },
    {
      "src": "/img/uploads/images.png"
    },
    {
      "src": "/img/uploads/selos.png"
    }
  ]
}