{
  "meta_title": "Super BlackFriday Eletroshopping Santa Ifigenia",
  "meta_description": "A sua melhor opção de compra pela Internet é aqui",
  "sections": [
    {
      "type": "banner-slider",
      "autoplay": 6000,
      "slides": [
        {
          "start": "2021-10-26T07:17:59.913Z",
          "end": "2021-12-11T07:17:59.991Z",
          "img": "/img/uploads/banner-principal.png"
        },
        {
          "start": "2021-10-26T07:18:41.170Z",
          "end": "2021-12-11T07:18:41.250Z",
          "img": "/img/uploads/banner-principal2.png",
          "mobile_img": ""
        }
      ]
    },
    {
      "type": "info-bar",
      "enabled": true
    },
    {
      "type": "collection-shelf",
      "shuffle": true,
      "collection_id": null,
      "limit": 12,
      "page": 1
    },
    {
      "type": "page-title",
      "title": "Eletroshopping Santa Ifigenia",
      "description": "A sua melhor opção de compras pela Internet é aqui"
    }
  ]
}