{
  "shipping": {
    "show": true,
    "text": "Entregamos para todo o Brasil",
    "link": ""
  },
  "installments": {
    "show": true,
    "text": "Compra 100% segura pelo Mercado Pago - Parcele sem juros",
    "link": ""
  },
  "exchange": {
    "show": true,
    "text": "Não gostou? A primeira troca é gratuita"
  },
  "promo": {
    "show": true,
    "text": "APROVEITE O MEGA SALDÃO DE VITRINE, PRODUTOS COM ATÉ 70% DE DESCONTOS CLIQUE AQUI",
    "link": "https://bit.ly/atendimento-eletroshopping"
  }
}